File,Type,Status,Has_AppDimensions_Import,Magic_Numbers_Found,Count,Notes
age_selection_screen.dart,Screen,✅ FULL,YES,NO,0,Fully compliant with 8px system
chat_onboarding_screen.dart,Screen,✅ FULL,YES,NO,0,Fully compliant with 8px system
dialogue_list_screen.dart,Screen,✅ FULL,YES,NO,0,Fully compliant with 8px system
language_screen.dart,Screen,✅ FULL,YES,NO,0,Fully compliant with 8px system
modern_paywall_screen.dart,Screen,✅ FULL,YES,NO,0,Fully compliant with 8px system
onboarding_screen.dart,Screen,✅ FULL,YES,NO,0,Fully compliant with 8px system
photo_confirmation_screen.dart,Screen,✅ FULL,YES,NO,0,Fully compliant with 8px system
scan_history_screen.dart,Screen,✅ FULL,YES,NO,0,Fully compliant with 8px system
sign_up_screen.dart,Screen,✅ FULL,YES,NO,0,Fully compliant with 8px system
skin_type_screen.dart,Screen,✅ FULL,YES,NO,0,Fully compliant with 8px system
splash_screen.dart,Screen,✅ FULL,YES,NO,0,Fully compliant with 8px system
animated/animated_ai_avatar.dart,Widget,✅ FULL,YES,NO,0,Fully compliant with 8px system
animated/animated_button.dart,Widget,✅ FULL,YES,NO,0,Fully compliant with 8px system
animated/animated_card.dart,Widget,✅ FULL,YES,NO,0,Fully compliant with 8px system
bottom_navigation_wrapper.dart,Widget,✅ FULL,YES,NO,0,Fully compliant with 8px system
bot_description_card.dart,Widget,✅ FULL,YES,NO,0,Fully compliant with 8px system
custom_app_bar.dart,Widget,✅ FULL,YES,NO,0,Fully compliant with 8px system
onboarding/chat_option_button.dart,Widget,✅ FULL,YES,NO,0,Fully compliant with 8px system
theme_selector.dart,Widget,✅ FULL,YES,NO,0,Fully compliant with 8px system
upgrade_banner_widget.dart,Widget,✅ FULL,YES,NO,0,Fully compliant with 8px system
common/app_spacer.dart,Widget,✅ FULL,YES,NO,0,Core component of 8px system
ai_bot_settings_screen.dart,Screen,⚠️ PARTIAL,YES,YES,1,Icon size: 64 - Use AppDimensions.iconXLarge
allergies_screen.dart,Screen,⚠️ PARTIAL,YES,YES,2,Magic numbers in padding/sizing
analysis_results_screen.dart,Screen,⚠️ PARTIAL,YES,YES,2,Magic numbers in padding/sizing
chat_ai_screen.dart,Screen,⚠️ PARTIAL,YES,YES,3,Icon sizes: 16; 24; padding constants need replacement
custom_theme_editor_screen.dart,Screen,⚠️ PARTIAL,YES,YES,2,Magic numbers in padding/sizing
homepage_screen.dart,Screen,⚠️ PARTIAL,YES,YES,2,Magic numbers in padding/sizing - Frequently used
new_paywall_screen.dart,Screen,⚠️ PARTIAL,YES,YES,2,Magic numbers in padding/sizing
profile_screen.dart,Screen,⚠️ PARTIAL,YES,YES,2,Magic numbers in padding/sizing
scanning_screen.dart,Screen,⚠️ PARTIAL,YES,YES,2,Magic numbers in padding/sizing
theme_selection_screen.dart,Screen,⚠️ PARTIAL,YES,YES,2,Magic numbers in padding/sizing
bot_avatar_picker.dart,Widget,⚠️ PARTIAL,YES,YES,1,Minor magic number - Easy fix
bot_joke_popup.dart,Widget,⚠️ PARTIAL,YES,YES,6,Priority 2 - Multiple magic numbers
modern_drawer.dart,Widget,⚠️ PARTIAL,YES,YES,1,Minor magic number - Easy fix
rating_request_dialog.dart,Widget,⚠️ PARTIAL,YES,YES,2,Requires fixing
scan_analysis_card.dart,Widget,⚠️ PARTIAL,YES,YES,5,Priority 2 - Multiple magic numbers
selection_card.dart,Widget,⚠️ PARTIAL,YES,YES,1,Minor magic number - Easy fix
usage_indicator_widget.dart,Widget,⚠️ PARTIAL,YES,YES,1,Minor magic number - Easy fix
color_picker_tile.dart,Widget,❌ NONE,NO,YES,4,Theme editor utility - May be exception
color_preview.dart,Widget,❌ NONE,NO,YES,2,Theme editor utility - No AppDimensions imports
custom_color_picker_dialog.dart,Widget,❌ NONE,NO,YES,2,Theme editor utility - No AppDimensions imports
interactive_color_preview.dart,Widget,❌ NONE,NO,YES,2,Theme editor utility - No AppDimensions imports
quick_color_edit_dialog.dart,Widget,❌ NONE,NO,YES,2,Theme editor utility - No AppDimensions imports
wysiwyg_color_preview.dart,Widget,❌ NONE,NO,YES,2,Theme editor utility - No AppDimensions imports
animated_rating_stars.dart,Widget,❌ NONE,NO,YES,1,Requires AppDimensions import and replacement
scaffold_with_drawer.dart,Widget,❌ NONE,NO,YES,2,Architectural component with magic numbers in media queries
transitions/page_transition.dart,Widget,❌ NONE,NO,YES,1,Transition utility - Requires review and update
